date,AAPL,MSFT,JPM,JNJ,XOM,WMT,GOOGL,BAC,PFE,CVX
2022-01-03,100.000000,100.000000,100.000000,100.000000,100.000000,100.000000,100.000000,100.000000,100.000000,100.000000
2022-01-04,101.296696,99.725814,103.366585,100.178343,98.096142,100.851452,99.158423,101.002089,101.824017,100.684706
2022-01-05,101.113095,101.249293,105.330111,99.671221,96.095114,101.087464,100.256618,98.535722,101.210898,98.792722
2022-01-06,101.429700,99.282021,104.810091,95.675864,96.470505,106.004491,101.195430,94.880631,100.904546,98.766053
2022-01-07,100.185828,97.332550,106.553946,98.783945,93.898882,102.611368,99.087515,95.256383,100.784978,98.517730
2022-01-08,98.029678,97.399899,105.398883,102.420502,93.034464,100.808624,96.974933,94.648067,99.777245,99.049222
2022-01-09,98.207225,98.050378,106.827354,102.126485,89.306948,100.544139,97.577530,95.508610,104.219244,100.646368
2022-01-10,97.052662,99.494923,106.058108,101.293917,87.136775,100.574640,97.057144,94.655110,102.806590,101.576366
2022-01-11,96.677424,98.816179,106.983314,102.901692,86.805370,100.130486,98.135908,94.561419,100.937690,101.760605
2022-01-12,96.488559,98.593074,105.314927,105.370895,87.309999,100.526194,97.284083,92.595286,102.565624,99.896175
2022-01-13,96.240617,98.140582,107.094489,102.713175,87.492200,100.476985,99.481929,93.611010,99.740774,101.593542
2022-01-14,96.216693,95.677847,108.117052,99.491495,86.570376,101.906359,99.210263,93.701598,97.680372,105.299755
2022-01-15,97.447588,97.788868,110.807567,98.617269,86.416949,102.902810,97.838219,94.482831,96.607146,106.106349
2022-01-16,96.997631,96.715252,110.868691,101.561153,86.126962,103.224243,100.357572,94.402006,98.407915,105.592595
2022-01-17,98.250411,96.125396,113.542477,103.133474,85.338108,102.888832,101.875779,93.215443,98.843595,106.396636
2022-01-18,99.210026,94.681627,112.820363,105.379943,83.799553,102.501799,100.036773,94.239885,96.336508,108.089753
2022-01-19,98.789300,92.898756,110.303097,106.830793,83.058773,102.151593,101.902451,95.094147,97.754545,106.290322
2022-01-20,97.061808,92.602055,111.415795,108.076511,82.191467,103.595951,102.747237,94.586249,98.313671,104.877950
2022-01-21,98.962767,93.457061,112.128390,107.037700,81.562659,101.211584,103.767649,95.069902,96.736982,105.022339
2022-01-22,100.472363,92.857855,113.592362,106.364024,81.251661,101.525631,104.543666,91.523720,98.284580,102.926510
2022-01-23,97.551610,93.086075,112.410216,108.581821,79.307703,101.878590,105.040063,93.181979,98.929147,103.369311
2022-01-24,99.065745,94.584693,114.487614,109.725260,81.864401,103.179138,102.326374,93.092931,101.052210,104.695933
2022-01-25,100.147346,95.149928,115.001166,108.716784,83.057087,102.324658,99.782738,91.689779,102.385578,104.184323
2022-01-26,101.244007,95.377489,114.071073,109.764277,80.773763,103.711484,99.867428,93.862134,100.975495,100.655869
2022-01-27,101.557181,98.469004,115.903380,111.900324,81.648795,102.823118,101.863200,94.801371,101.385457,103.737473
2022-01-28,103.345082,99.698755,114.045040,112.050497,81.965782,103.870189,99.394464,93.446918,102.817050,102.794975
2022-01-29,100.799754,97.838329,113.356350,110.772660,81.966305,105.193403,99.472955,93.461868,105.111021,102.139481
2022-01-30,101.969469,98.109633,113.940027,111.119177,79.680267,105.360617,95.557604,94.339027,105.044206,104.212004
2022-01-31,105.179974,97.278606,113.104686,112.789536,78.587351,107.122099,95.050088,92.721907,106.121348,102.640897
2022-02-01,103.469719,98.381177,113.836499,112.490140,79.186495,104.921214,96.123003,95.388536,106.323039,101.722342
2022-02-02,107.522018,97.272474,114.924170,111.280900,77.533925,104.827467,97.770086,95.921602,104.934814,100.269482
2022-02-03,107.289730,95.884535,116.076813,109.796921,77.776504,105.703912,97.573648,95.801334,103.544157,98.148128
2022-02-04,108.738969,96.964430,116.915878,109.590501,76.554243,104.018667,96.273978,95.807184,103.017753,100.070383
2022-02-05,110.916578,94.939767,118.516630,111.703390,76.930896,105.159969,97.792693,94.997177,101.685264,100.950270
2022-02-06,111.088731,94.083270,120.185946,111.873160,76.764692,107.244383,97.342050,93.791619,100.331047,102.744736
2022-02-07,113.066966,95.596821,121.353266,108.945100,78.506456,109.863132,98.985133,93.732712,99.966351,103.811395
2022-02-08,110.322923,93.576032,123.329141,110.275972,77.978066,110.330197,100.784303,96.806392,99.981460,106.507711
2022-02-09,108.922614,94.032688,123.057167,108.571638,77.566321,111.099817,101.343158,99.469494,100.597975,104.544009
2022-02-10,109.783665,95.226930,124.178431,109.287249,79.266577,112.284014,102.932860,99.138132,97.597543,105.732397
2022-02-11,110.806438,98.707132,123.212713,108.724350,78.444121,112.555452,105.682558,100.069412,98.189107,107.276364
2022-02-12,111.632320,98.537896,125.054261,109.881067,77.094119,113.793367,107.693710,104.238669,97.935308,105.064941
2022-02-13,110.452713,99.736733,123.597965,110.060417,79.589496,110.081835,109.037945,103.222866,97.665819,107.041330
2022-02-14,112.407842,100.456303,120.211563,108.789523,81.154309,112.006825,105.480544,103.307446,96.910700,108.388451
2022-02-15,111.727305,99.771964,124.118139,109.136347,81.998343,113.260326,103.937607,104.056906,97.199704,107.299029
2022-02-16,112.007665,98.660886,125.305112,107.876244,82.435833,111.103560,104.209703,100.862258,96.291770,106.917843
2022-02-17,110.251522,99.044941,125.624596,104.539475,80.696668,111.656624,102.579269,100.868848,96.139565,104.752559
2022-02-18,112.304960,100.082389,127.088033,105.005634,79.756577,110.148926,103.189217,100.784151,98.041010,103.169873
2022-02-19,113.539890,99.004588,125.336322,104.074955,80.428152,108.828174,103.627623,102.410527,99.159876,102.492250
2022-02-20,111.625801,99.325438,125.928651,101.920064,77.950489,105.566397,104.442355,97.223889,98.428025,102.892219
2022-02-21,110.722544,97.578148,129.171166,101.773706,77.171530,107.017815,106.209774,98.119080,98.669493,103.447822
2022-02-22,109.731668,97.567934,129.271071,101.747788,77.557975,104.604937,104.582103,98.150791,99.756556,102.709476
2022-02-23,109.326744,96.590759,126.428490,102.409145,78.394549,105.516963,101.943121,97.418852,97.524865,101.818637
2022-02-24,109.278470,98.697478,125.052652,101.814245,76.964437,104.604627,102.654908,96.398129,97.613389,99.864036
2022-02-25,109.048502,95.699297,121.525841,105.394314,75.616703,107.970264,102.420490,95.362083,99.470880,99.877019
2022-02-26,110.849054,95.186633,121.077899,104.942931,75.240648,107.359170,101.308535,96.311428,101.014686,101.128345
2022-02-27,111.955379,93.896926,120.460239,105.012019,75.872254,106.215118,102.468113,96.018649,100.713263,102.714876
2022-02-28,110.068271,95.203986,119.653698,102.678643,77.165834,106.342882,100.475161,98.175991,100.839037,102.016997
2022-03-01,114.376538,97.629510,120.122027,101.998083,78.206673,105.027343,101.801231,98.918310,104.136941,104.463381
2022-03-02,117.850930,98.578838,123.464652,102.352384,78.907909,103.897999,101.750430,98.957761,103.629349,107.384986
2022-03-03,117.703188,98.408142,122.826296,105.961607,79.121086,102.574941,102.106545,100.770170,103.093777,105.529901
2022-03-04,119.468319,100.371453,124.478604,108.425424,81.095215,103.225544,103.828751,101.254908,103.243271,106.308548
2022-03-05,116.124551,102.229670,127.264014,108.209056,81.043209,100.707315,103.305817,102.721313,104.667172,107.934003
2022-03-06,117.348703,102.966241,129.333901,107.927638,81.646687,100.480598,103.894324,101.981701,104.183331,106.858173
2022-03-07,118.765535,101.889553,129.145073,108.294969,82.858999,102.337925,107.206645,101.036967,104.326749,106.971580
2022-03-08,118.506362,99.674189,127.291821,111.544514,84.539133,101.185284,106.905982,97.622495,102.795679,102.947978
2022-03-09,119.523269,102.030174,127.081059,112.268546,85.781587,99.964481,108.431546,97.666634,104.350440,103.258188
2022-03-10,117.583870,103.517008,126.745527,112.565554,84.092258,100.174817,104.886001,96.726736,105.813140,106.291700
2022-03-11,117.999685,103.705487,126.244295,110.889258,84.194230,101.295604,105.549338,97.269934,103.266827,105.415550
2022-03-12,119.005305,102.411975,126.552359,112.761973,84.904727,99.728227,106.952244,96.843303,101.511388,104.400516
2022-03-13,117.638244,102.912406,129.893256,113.435921,86.425268,98.326806,109.847709,98.463420,103.200285,102.103628
2022-03-14,115.306104,105.856147,134.143620,114.623497,84.616752,96.186981,106.858356,98.931828,104.812164,104.557601
2022-03-15,113.186838,105.621102,133.701970,114.874007,81.527250,96.840600,108.375793,98.965142,107.327713,104.648535
2022-03-16,113.690124,103.809535,137.093289,119.345713,82.353499,98.439594,111.415950,98.921894,109.983605,106.573119
2022-03-17,112.928038,103.543043,135.638649,120.810182,83.126385,97.899870,113.878271,99.416864,111.837427,104.053605
2022-03-18,112.030685,105.098170,135.512075,120.181721,83.535451,98.429382,115.297401,98.949273,112.371039,104.935509
2022-03-19,110.287985,107.993554,134.108358,124.950046,82.322156,98.510508,116.614627,98.575403,115.153436,103.985658
2022-03-20,109.733253,107.582990,134.172775,125.076461,80.605346,98.517142,115.455508,99.387757,115.461026,104.326625
2022-03-21,109.024914,106.061654,130.769177,123.993065,80.882863,98.323599,119.203571,100.120477,114.494497,103.792857
2022-03-22,109.222890,105.792876,127.406860,124.086591,80.917449,98.183851,122.145518,98.293347,113.283807,103.340822
2022-03-23,109.722866,106.458528,126.135503,125.172823,82.446406,98.343493,118.350291,99.455831,112.720843,107.265157
2022-03-24,106.964464,106.389368,126.541937,124.155903,80.237224,97.636000,118.411569,100.415603,111.042407,105.552932
2022-03-25,109.906800,107.101315,128.373516,122.811323,81.457042,97.905612,117.723657,99.880852,113.394890,106.420486
2022-03-26,108.486510,108.412537,126.103585,122.147288,83.331870,97.159188,121.512536,98.859664,112.573740,104.123814
2022-03-27,108.990088,109.376323,125.774245,120.491892,83.938266,95.521633,123.438810,99.625267,112.861385,103.160396
2022-03-28,111.715933,106.426220,128.082176,119.054078,82.990716,93.271565,123.801798,98.348439,110.726231,107.458285
2022-03-29,112.908308,108.098162,128.316828,115.572235,84.111254,95.756257,124.858997,98.491227,110.707574,106.035944
2022-03-30,111.866380,107.875833,130.162762,116.086643,84.106633,95.608347,129.254756,99.340539,109.565457,105.439477
2022-03-31,111.823113,106.846069,132.745587,116.001861,84.596952,93.956998,128.876278,98.827192,111.873326,102.628188
2022-04-01,111.040354,106.322560,131.428289,114.615878,84.898535,95.647914,125.236760,96.234117,110.123369,104.598834
2022-04-02,108.937382,108.513187,130.214013,113.257708,84.571594,93.500111,127.347529,97.180763,108.841484,106.336022
2022-04-03,107.739360,106.636171,127.943799,111.478747,87.107592,93.966158,128.561290,99.047460,107.867597,105.893849
2022-04-04,107.767767,108.094628,130.572043,108.056358,87.150438,94.862800,128.494291,99.738981,106.820422,106.087425
2022-04-05,108.108167,106.685420,130.051093,106.816237,88.209549,95.814802,131.338961,99.230718,107.549085,108.795276
2022-04-06,107.366813,105.745494,126.654001,103.994538,86.861577,97.911409,129.372130,99.282841,107.367960,110.051792
2022-04-07,108.422112,107.179329,127.094342,103.052345,87.465132,97.730700,133.558872,100.252087,110.617061,111.914813
2022-04-08,108.344845,106.266445,125.710172,101.390767,91.234580,99.623144,132.763846,99.135424,113.200422,112.812988
2022-04-09,107.050106,106.368603,129.760804,102.842617,93.156176,99.456740,129.621363,100.089276,111.193696,109.599294
2022-04-10,108.613427,108.046990,133.533015,103.950275,93.153231,96.836415,128.627753,101.092379,109.755047,111.290475
2022-04-11,109.109234,109.131622,136.096139,103.641529,92.232820,97.764000,129.427370,101.317029,109.123669,112.403748
2022-04-12,108.865675,111.708395,135.704972,104.298433,91.804798,97.322473,126.897197,100.971824,109.965455,112.147485
2022-04-13,109.916877,113.185169,136.521234,103.037055,90.098034,97.454875,130.398124,102.806223,109.633101,111.701266
2022-04-14,109.418050,114.941686,140.099269,104.944112,85.753005,99.890040,129.274186,101.505046,110.585423,110.049335
2022-04-15,107.901584,116.613742,137.360404,104.122471,82.874916,99.876816,130.216892,101.864361,112.123326,111.356286
2022-04-16,106.011385,114.775518,141.172627,106.993397,83.452530,100.440451,130.062090,100.874194,114.999868,110.948659
2022-04-17,102.712327,111.460880,139.376853,107.717236,84.614426,101.261996,132.861819,101.216578,115.866209,109.044264
2022-04-18,101.619498,108.589845,142.207117,106.751909,86.445797,100.430300,132.164018,99.725860,115.206084,109.077236
2022-04-19,101.725524,106.610482,139.041224,103.694703,85.444114,101.045804,130.484922,101.585365,111.374890,106.329998
2022-04-20,101.276574,104.801160,137.072099,103.707613,85.102625,102.119226,130.639290,99.197170,112.450885,106.206769
2022-04-21,100.955125,105.264370,134.538124,103.769244,84.534566,101.361699,128.825968,99.586136,111.200686,103.698529
2022-04-22,101.797894,105.692061,138.647955,104.378325,83.975273,103.125772,131.636022,99.601479,112.735527,100.793584
2022-04-23,100.355268,108.065635,139.787222,100.925683,82.719592,103.662435,133.311277,101.829438,113.288830,101.377293
2022-04-24,100.372019,109.955609,140.658810,99.579660,82.372570,105.724245,132.765493,98.545855,114.001305,101.877089
2022-04-25,98.961675,110.155481,142.773536,96.166035,81.651078,108.718669,133.614243,98.838843,115.437635,101.702518
2022-04-26,97.754335,111.337295,145.111900,95.889362,82.286126,109.508470,135.221394,98.255910,117.015573,100.703223
2022-04-27,98.390786,110.145273,147.905319,96.552472,79.357347,110.419698,135.594480,97.653601,114.874044,101.369375
2022-04-28,98.856152,111.726668,147.269444,95.709643,82.209819,110.506051,135.862999,95.167087,113.276026,102.956837
2022-04-29,96.646885,112.694511,150.176518,94.476819,80.739685,107.968212,136.327885,95.135547,115.329775,100.088367
2022-04-30,94.868747,111.247622,149.741067,95.349105,81.116847,111.020698,136.625612,96.858690,113.765169,101.585134
2022-05-01,93.058238,109.797980,155.357540,93.638303,81.624362,113.358236,139.118374,97.212909,116.028583,102.775103
2022-05-02,93.117999,112.069679,159.312794,93.843621,82.697306,112.309722,138.057608,100.074601,114.710366,103.147878
2022-05-03,93.858913,111.239055,163.625893,94.566834,82.423068,112.000259,137.618727,102.946294,114.789000,104.830087
2022-05-04,96.572277,115.195421,161.873868,94.602349,84.192109,111.447961,137.007336,100.958448,113.373149,108.731064
2022-05-05,95.653108,114.875549,166.466917,96.396842,85.881168,113.993171,132.040916,99.473151,112.890418,109.211012
2022-05-06,93.737649,115.612823,171.268091,95.498310,84.443917,115.308541,129.744169,97.755963,114.603856,110.674518
2022-05-07,94.998875,116.550281,174.192026,94.328831,85.215969,116.319139,131.498704,96.553943,112.835724,109.878021
2022-05-08,96.009810,117.308550,174.064329,95.113690,86.053798,116.850047,134.984866,97.268459,112.832021,108.417219
2022-05-09,97.294880,119.677340,175.708224,95.961634,86.255293,116.747902,134.830208,94.973901,114.410484,110.527176
2022-05-10,98.545305,119.397611,175.416085,94.623786,87.952418,115.446048,133.290631,94.366445,113.939755,110.071991
2022-05-11,98.030344,120.815796,173.942258,95.210377,88.433926,114.939986,133.078779,98.400204,116.069384,110.604003
2022-05-12,97.345971,118.758733,177.693767,94.166109,88.200467,112.571287,134.635257,97.085375,118.629033,113.215181
2022-05-13,99.607178,119.269947,175.785278,92.957247,88.473157,111.729323,134.003178,100.543718,118.149776,112.496649
2022-05-14,98.382558,117.534655,177.178460,95.732898,89.732247,113.470756,131.805801,103.116648,118.469559,113.841360
2022-05-15,100.377989,117.581028,177.962800,95.724114,88.793441,115.008834,129.379170,103.207416,115.074132,112.815812
2022-05-16,98.551348,116.298294,178.705982,94.626233,89.621784,115.103348,131.783817,104.621714,114.690641,116.170207
2022-05-17,98.090307,117.160892,182.265455,94.129322,87.659748,116.930583,132.512175,102.509144,112.558238,118.896185
2022-05-18,96.636854,117.619831,180.703069,92.183493,89.412301,115.972823,133.129360,103.726686,109.696518,117.254644
2022-05-19,95.498694,117.991991,184.855496,94.493230,88.097602,116.501967,131.525348,102.623161,107.399001,116.542701
2022-05-20,94.631373,118.153717,193.712505,94.868145,87.026222,116.108818,136.211720,102.589405,107.417372,115.903070
2022-05-21,93.630933,117.788135,198.844029,94.502720,87.394286,115.638983,135.897119,106.511193,108.315640,117.840364
2022-05-22,93.827741,117.457885,197.350479,96.399785,86.401083,116.915595,139.441756,104.913942,107.635586,120.001880
2022-05-23,95.373118,117.680030,203.727499,97.991029,87.949282,115.070866,139.098216,106.351520,106.919405,120.211381
2022-05-24,94.485918,118.648069,205.249517,100.046228,90.159041,117.463864,144.174920,109.363345,108.011648,116.196014
2022-05-25,95.232172,116.761814,210.166610,101.127926,90.426430,120.053737,143.250552,108.923117,107.548837,114.313373
2022-05-26,96.644169,118.969353,208.386953,98.421471,90.956964,120.400345,143.139446,109.645354,110.335102,116.360652
2022-05-27,97.359125,120.106716,206.509835,96.098309,90.013314,120.697797,141.805494,111.940419,113.114334,117.102446
2022-05-28,95.815084,118.605221,209.482592,96.262176,88.158298,123.276137,146.589924,111.257445,114.240200,117.280869
2022-05-29,95.458622,115.896875,211.120943,95.766586,88.536276,126.693319,147.030873,111.773625,109.210188,115.005797
2022-05-30,97.595196,114.479854,213.554691,96.610157,87.208190,127.682119,146.371679,112.352524,107.345621,114.296404
2022-05-31,98.274168,114.361281,217.474590,95.782885,86.463633,129.176788,146.067816,111.705423,105.108272,116.583977
2022-06-01,98.896518,116.263683,224.714497,98.141854,86.970622,128.753543,143.640914,114.281300,105.211666,116.397213
2022-06-02,97.888268,116.483164,226.254696,99.591084,87.871022,125.620615,145.121840,114.294856,107.314054,115.417277
2022-06-03,98.234719,115.262564,226.945747,101.396261,90.048925,124.531418,142.170429,112.687384,109.044914,117.785232
2022-06-04,99.612462,115.227902,231.136583,103.812084,89.391855,122.047283,141.638057,113.593913,110.184363,118.952330
2022-06-05,100.749788,114.416633,234.877592,103.157923,87.629761,120.142495,139.984214,114.239680,109.214880,122.469368
2022-06-06,102.592451,114.234548,231.870380,103.857753,86.264798,122.272880,135.135017,113.215772,107.574661,120.827208
2022-06-07,103.911782,115.068154,233.812522,104.247625,85.965419,120.041914,134.785479,111.539850,107.850218,120.066815
2022-06-08,106.554282,116.494286,234.455302,104.957280,89.776664,121.414497,134.617976,110.177158,103.878607,119.620244
2022-06-09,106.953849,118.912302,230.932681,104.311527,90.388186,121.328162,136.194320,109.935254,103.261695,121.170013
2022-06-10,108.574859,118.020308,229.853223,102.454430,90.616490,124.259565,135.892796,108.887458,104.852872,122.326374
2022-06-11,108.743857,113.628473,237.274612,101.021356,89.740465,123.521286,134.815782,106.569133,103.399041,120.274184
2022-06-12,111.449017,112.538831,237.779139,98.317193,89.135603,125.072480,138.484956,105.718697,103.749553,118.589298
2022-06-13,115.650987,111.294715,244.769822,96.890263,89.038073,130.547967,140.490204,109.551513,104.818745,115.986386
2022-06-14,114.531911,111.980400,243.197502,97.665255,89.164790,134.019215,141.079510,110.383977,103.889317,115.207435
2022-06-15,114.108216,115.333102,241.104493,100.341992,89.982749,131.859533,139.744212,113.234554,106.378124,115.149972
2022-06-16,116.283307,112.876221,243.805941,100.698418,90.371659,133.709144,139.858618,112.225585,106.755382,116.805555
2022-06-17,116.576649,109.936891,239.865522,99.241003,90.566754,133.390572,143.913503,115.675248,106.780687,119.219440
2022-06-18,119.595416,108.486185,234.200342,98.164858,89.650798,130.425067,142.760302,117.006421,108.287629,118.357992
2022-06-19,121.710539,110.306356,230.774905,97.313144,89.603334,128.176066,142.163103,116.850504,108.486726,117.748839
2022-06-20,121.493943,108.023467,231.833269,97.532477,88.561004,126.684217,140.081854,118.132164,107.750054,115.913772
2022-06-21,120.370899,108.159102,230.908031,94.965559,90.175604,127.109542,139.623555,117.021469,106.260849,116.157480
2022-06-22,119.051337,108.667923,230.222406,96.042734,91.001895,126.409907,138.502930,122.055018,106.303064,115.171272
2022-06-23,121.222669,106.179471,232.409861,95.749944,92.700018,124.935176,137.431789,119.406813,103.871067,112.600195
2022-06-24,123.893087,107.540587,233.944312,95.204093,94.467618,124.647131,137.974601,121.081704,103.769017,110.667365
2022-06-25,131.372589,105.579002,229.497024,94.563846,95.642711,127.403460,139.193227,120.514653,103.697340,115.203923
2022-06-26,132.895915,105.895437,225.989751,95.685463,96.379040,128.298316,137.737067,119.767425,102.093491,118.163492
2022-06-27,133.420323,108.181024,223.978763,96.240562,97.641990,129.797562,135.856501,115.666809,103.950308,117.949728
2022-06-28,132.893316,112.132931,220.992721,96.761380,99.182074,128.201097,136.566697,117.484793,102.811219,118.895589
2022-06-29,126.874115,114.358510,215.378186,98.489836,99.297921,126.704796,136.939150,115.946901,103.519326,117.995693
2022-06-30,127.057859,114.538740,217.970045,97.124412,100.531111,129.569187,132.208901,113.338852,104.234186,118.167789
2022-07-01,125.427707,115.587471,213.954249,98.747397,101.650744,129.018055,131.349379,116.318279,104.450630,117.791176
2022-07-02,124.773842,114.624660,216.757560,99.398067,101.876652,127.768682,130.741447,118.018224,104.028541,121.241602
2022-07-03,123.347520,115.203719,218.399622,99.727944,101.258820,124.418942,133.767328,121.186149,104.155169,119.865167
2022-07-04,123.497691,113.806235,217.524189,100.204673,102.595488,123.718171,134.190694,125.893041,102.564652,118.466054
2022-07-05,123.405415,112.300327,218.438065,101.890456,101.227930,126.088908,136.624744,126.276865,103.083052,120.969329
2022-07-06,121.001603,112.888100,214.856461,98.700632,101.730882,127.619219,134.923608,128.002008,100.004367,122.120639
2022-07-07,119.445625,115.909093,216.238154,98.418283,103.512480,126.812809,135.651748,128.737091,100.965038,121.920023
2022-07-08,117.186429,117.425313,211.439798,97.002914,106.366759,127.593381,135.066584,128.691789,100.404709,121.263193
2022-07-09,119.268828,118.059614,208.821276,95.273848,108.068757,127.806918,134.368368,124.294295,101.319669,121.676847
2022-07-10,118.343367,115.996210,211.973837,96.966765,109.565916,127.806990,133.204724,126.394572,102.859338,125.154218
2022-07-11,118.546547,114.764986,210.792234,97.737925,108.279435,128.590620,132.710965,126.931111,104.347639,125.422113
2022-07-12,119.556730,113.726564,204.914481,96.714887,104.480010,125.352512,134.344104,130.653984,105.068808,125.629901
2022-07-13,118.798169,115.183704,200.262076,97.023509,107.453818,125.497820,137.125156,133.918438,106.306268,126.636392
2022-07-14,120.425407,115.387313,199.706450,94.830994,108.051684,127.069867,140.363615,133.156136,107.973687,128.876347
2022-07-15,121.019806,113.945854,191.193670,95.835251,108.139150,123.765199,144.043720,133.515896,107.178061,133.060343
2022-07-16,117.258557,116.303884,190.910343,94.364722,107.326422,119.056179,146.632591,136.261728,105.569194,133.769234
2022-07-17,118.620036,116.483824,189.271591,92.449599,107.193198,121.998365,145.809445,137.819358,105.687770,132.908411
2022-07-18,118.702663,114.876629,190.708931,93.834992,107.733451,119.035744,146.263569,137.044731,105.320158,132.044259
2022-07-19,121.575399,114.541481,188.457457,92.599991,107.515934,118.195623,145.770680,135.456202,104.094834,135.483577
2022-07-20,121.693666,112.604424,185.292481,94.378434,105.859881,116.347015,145.218757,136.581089,102.576170,135.384079
2022-07-21,123.682774,112.696718,186.043452,94.967716,103.789036,113.901888,143.195393,135.093258,102.799689,138.174221
2022-07-22,123.276860,114.390165,186.420477,94.821482,103.060787,114.850314,143.081478,137.090489,105.897857,137.373122
2022-07-23,122.908381,113.868371,187.400675,94.859794,102.859040,114.390566,138.984238,136.070849,109.686120,136.103588
2022-07-24,122.904186,112.101936,186.960399,93.483286,102.696877,110.518261,138.031984,137.140385,110.359943,137.500826
2022-07-25,123.276837,113.332640,188.071836,93.541234,102.121643,109.369129,141.267837,136.720707,111.361680,138.033972
2022-07-26,123.239108,112.602246,190.350698,95.366925,101.574597,108.741524,139.301082,136.427339,112.909574,137.606378
2022-07-27,125.230955,111.734034,187.531758,92.114124,99.607869,109.100369,135.497679,135.434615,114.873268,137.855025
2022-07-28,124.659697,112.528423,189.371048,94.118470,101.546100,109.953245,135.133962,135.261165,117.959233,138.979817
2022-07-29,123.276996,110.959172,187.420669,96.961436,103.676793,111.346696,132.374242,138.728303,118.431456,141.291721
2022-07-30,126.545173,109.163780,182.897512,96.966075,102.337634,109.457052,128.384225,141.394842,118.609633,141.197176
2022-07-31,128.710207,108.156158,182.021797,99.322725,104.737384,109.627503,134.307905,135.969599,119.705828,140.830274
2022-08-01,129.205773,111.507809,179.816544,100.563887,104.356791,110.285778,135.845551,133.908169,118.473451,141.833331
2022-08-02,128.559221,109.021391,184.394327,99.295102,104.891537,107.785265,138.047538,134.737985,116.917421,143.771067
2022-08-03,128.619917,107.987506,185.167886,100.070733,107.229749,108.943954,139.717221,136.457535,113.821541,143.793326
2022-08-04,131.390863,109.201991,184.908511,100.686439,107.223303,109.692215,134.943853,136.332918,118.566149,142.646679
2022-08-05,131.178242,109.906657,185.877351,101.920635,105.824703,109.233653,135.326656,140.796084,117.069907,141.794554
2022-08-06,130.715492,106.455987,184.698010,102.679279,105.871093,109.475176,134.959943,142.840992,117.399933,142.677060
2022-08-07,133.270606,108.000378,181.373530,102.165365,108.094907,108.546199,136.596678,142.732308,117.934876,144.546357
2022-08-08,131.480446,108.708408,183.083166,104.332505,106.917714,108.970462,138.195429,142.186278,118.639731,148.987289
2022-08-09,134.400092,108.111551,184.454363,106.675588,104.852481,108.560335,138.407115,141.078832,121.216866,151.424331
2022-08-10,132.185180,108.302844,182.779609,107.768583,104.450913,108.385501,142.773543,142.932740,121.667075,155.780296
2022-08-11,131.037052,107.617735,180.357375,107.228557,106.919706,109.033722,143.575697,141.524332,122.338273,155.514581
2022-08-12,131.286822,107.870738,181.635110,106.105228,105.083763,108.016289,145.649737,146.487754,121.195008,154.106349
2022-08-13,131.231330,110.804130,184.463308,106.643678,106.138319,108.372086,143.340484,145.129985,123.205296,155.549614
2022-08-14,133.129735,111.311622,180.935299,104.275234,106.812346,108.235736,140.203017,144.917431,122.225144,155.937191
2022-08-15,133.998014,109.688595,179.863937,103.806600,106.527085,106.836025,137.586759,143.484880,122.511116,154.895094
2022-08-16,131.847195,110.374843,180.359260,103.650235,106.807430,108.695744,140.254175,140.891498,121.302838,160.524099
2022-08-17,131.082667,115.302738,180.836507,101.467656,109.287206,105.489259,139.970333,142.336607,118.317484,158.025439
2022-08-18,130.927854,114.561690,179.948619,102.222509,109.495681,106.204379,140.153426,142.606176,118.288783,161.270794
2022-08-19,131.529941,115.266811,177.641438,101.132745,110.880401,104.280023,142.562869,140.325129,118.879857,161.732970
2022-08-20,131.510222,116.948136,182.086455,100.986664,114.213220,103.057269,143.486006,139.482961,117.691525,157.963611
2022-08-21,130.991825,118.588379,183.567380,100.733350,115.507269,105.060542,141.953232,138.556114,117.721484,158.823597
2022-08-22,129.040260,121.301033,179.155321,101.207548,110.951379,106.236932,146.703610,137.294703,118.529693,161.950090
2022-08-23,129.529810,120.739753,180.383201,99.090519,110.360156,105.267118,147.315542,138.576288,120.306507,159.845393
2022-08-24,128.465032,121.151415,178.908603,99.926569,110.354909,104.597999,148.940776,136.536176,121.408183,154.619339
2022-08-25,125.443285,120.723703,177.606537,101.429555,108.961626,103.695906,146.906695,138.501401,123.480962,156.395741
2022-08-26,126.977259,117.246610,173.556065,100.957888,110.038418,103.850459,147.909995,137.564104,124.984020,154.020936
2022-08-27,129.001430,114.294487,171.496051,100.712095,109.806359,104.999532,148.700647,138.875044,128.477345,153.966623
2022-08-28,129.054573,112.462220,166.356867,100.330756,107.926284,106.016475,147.251411,137.559181,125.963438,156.222598
2022-08-29,127.499355,111.581219,166.509755,101.716495,106.579760,105.776255,145.671209,138.936967,129.408981,159.837918
2022-08-30,127.029153,112.707079,170.567099,104.340300,106.844194,105.697525,143.878263,138.893424,126.273594,163.718234
2022-08-31,127.653678,114.243778,173.408538,107.210028,108.141359,104.232129,144.251791,138.933375,126.423330,161.563711
2022-09-01,126.930250,115.411562,176.054980,109.783315,111.364377,102.614343,143.869369,139.532205,126.022818,160.103757
2022-09-02,130.748401,116.578147,174.358284,105.778149,110.600714,102.312098,143.449925,141.403483,128.388626,161.625208
2022-09-03,130.813371,114.379189,174.731835,107.207098,111.419771,102.295851,139.714461,142.522757,123.697588,162.792630
2022-09-04,132.140014,115.476925,174.479092,106.930908,111.630827,102.675224,136.000589,145.915875,122.324628,160.853532
2022-09-05,131.351656,116.338824,172.553363,106.832990,109.608563,102.182456,137.367698,147.990072,121.219885,160.288062
2022-09-06,132.482040,117.073337,172.702156,106.967756,108.958302,101.980401,135.319215,147.413796,122.047051,160.174504
2022-09-07,134.931729,118.757962,178.537836,107.031120,110.024170,100.660373,133.369681,147.384377,123.395192,163.892325
2022-09-08,135.162706,118.564268,177.532352,105.300690,110.472644,102.288705,130.889772,151.261510,124.979467,162.839166
2022-09-09,134.586307,113.891935,178.061233,103.978460,113.208454,104.464851,127.429213,151.325513,128.040218,162.164761
2022-09-10,133.513481,114.172557,175.127186,103.779620,112.832745,103.923311,128.799898,152.844906,130.448342,168.431090
2022-09-11,133.394113,115.041784,176.942261,103.428031,113.589697,106.042681,128.387432,152.490596,136.543030,163.752920
2022-09-12,131.748829,114.479778,173.728663,106.419662,112.566978,109.488738,128.653214,151.968213,134.848091,160.359581
2022-09-13,130.928913,115.825573,176.426397,104.639602,109.964132,107.585807,128.985606,153.969309,133.811690,156.747484
2022-09-14,135.762737,116.837133,177.596392,105.074285,109.672705,108.639990,126.559178,153.729375,133.481458,155.970281
2022-09-15,136.768117,115.977091,178.346188,100.666261,107.564305,108.801668,126.203546,154.123952,133.671939,156.327526
2022-09-16,137.177854,119.968761,178.240182,100.826335,106.937950,110.973897,129.987364,158.066022,133.279154,153.912370
2022-09-17,138.738133,121.189872,178.229786,102.327053,108.064120,110.262413,130.358829,156.944314,135.341783,152.076337
2022-09-18,142.547306,122.112164,180.874312,100.968647,108.239181,109.207164,130.522451,152.564984,133.006943,154.795445
2022-09-19,143.954040,121.246603,173.719404,100.375724,109.492930,108.798187,129.738290,155.024275,135.151523,156.356292
2022-09-20,141.870847,122.128043,174.476241,100.543790,109.269908,109.022618,129.765432,157.006955,137.411671,154.963944
2022-09-21,141.413179,119.192930,169.529457,104.241818,106.437813,110.301659,131.681839,157.202227,136.560317,153.631485
2022-09-22,141.900558,122.543092,165.189188,103.678860,105.913230,110.719705,128.584146,158.261846,135.508981,154.019710
2022-09-23,137.965886,122.149153,163.222856,101.518014,107.458088,114.232684,127.370840,158.594879,133.134932,154.600048
2022-09-24,132.756460,123.274759,163.216239,99.863761,106.002633,113.698783,125.866774,161.452774,132.881418,150.765959
2022-09-25,135.497885,121.889049,165.272722,103.836552,108.141141,113.238066,130.661651,162.525069,132.795445,152.213301
2022-09-26,135.629727,122.407420,169.401883,99.958342,106.362152,115.697891,128.524913,163.671814,134.510926,151.186343
2022-09-27,138.652896,123.294193,171.742867,100.973553,107.023896,114.467714,125.557016,164.349517,133.863539,151.521952
2022-09-28,138.930654,121.662581,173.043615,101.810227,105.428724,112.851155,127.057140,159.575191,134.825545,146.345535
2022-09-29,137.704329,121.917268,173.582731,103.242850,107.115323,113.914677,125.630613,158.123378,134.421933,146.553222
2022-09-30,138.355311,123.537929,169.880451,104.731133,109.602048,113.785641,126.199339,160.454523,133.260507,144.930298
2022-10-01,141.928423,122.096929,170.353529,104.525602,110.458244,114.997565,127.986657,164.667789,132.786189,142.101076
2022-10-02,145.262113,121.749159,171.120212,103.738883,111.214814,114.826215,125.383526,165.453138,133.550335,138.429519
2022-10-03,143.281413,121.767161,168.721897,106.115312,110.826069,112.740500,126.546848,160.834636,134.258773,139.860352
2022-10-04,143.554577,118.667767,172.562762,106.033079,108.512980,112.131780,128.204108,164.761690,135.099316,142.598850
2022-10-05,146.213596,118.550690,176.478064,106.265885,108.748714,111.251918,129.972454,163.897757,136.710260,143.820013
2022-10-06,146.111261,119.982242,178.716543,105.055693,108.484974,112.359272,126.664319,159.348184,138.159291,143.592407
2022-10-07,145.373017,121.797155,178.647290,105.287079,110.748381,111.350951,126.505035,160.104412,141.055974,144.502812
2022-10-08,144.607901,122.132405,180.978216,106.314704,109.797854,111.106455,124.327742,162.361184,137.210767,142.286043
2022-10-09,146.958791,122.059358,185.574990,109.942317,107.373644,111.112727,121.759155,165.725555,136.005891,143.633165
2022-10-10,147.060175,119.754217,186.833742,109.730554,109.875744,114.256415,122.755760,163.368068,136.811664,142.546630
2022-10-11,148.080753,119.575149,188.180898,109.303711,110.079396,115.332730,120.300363,161.647645,137.021701,143.066598
2022-10-12,148.635235,117.625086,189.202577,107.895576,109.681901,114.338870,120.909516,167.629917,139.120312,146.082013
2022-10-13,151.663408,119.282147,193.191661,104.743857,109.682634,112.290131,118.645205,167.072319,141.044471,145.924399
2022-10-14,153.037225,119.267208,193.210326,108.376270,110.989130,111.648675,117.483777,166.082786,140.743623,146.352428
2022-10-15,149.838334,116.643059,195.137144,109.549382,110.075678,109.913474,118.019411,166.318737,144.254033,145.382585
2022-10-16,149.295648,116.214493,194.125983,109.766852,113.914255,110.326688,117.610041,165.233889,142.340837,140.713531
2022-10-17,153.347985,115.776205,195.698964,107.953554,113.086758,111.064877,117.670175,157.981422,143.906888,139.173625
2022-10-18,151.831927,114.522194,195.881995,110.387687,111.170754,109.119689,121.582215,154.059997,144.893403,140.672812
2022-10-19,152.561421,115.716624,197.336242,110.402050,110.588076,109.301479,123.499888,151.972215,142.241001,136.373080
2022-10-20,152.888743,113.054596,195.897658,109.371917,111.787278,109.468533,124.021308,152.887822,142.085114,133.317082
2022-10-21,153.226218,110.790391,193.766295,108.129749,110.066950,109.661874,126.024585,148.244861,140.930979,131.481968
2022-10-22,147.158753,111.396010,192.849325,109.637932,114.179904,112.939212,124.209739,148.093073,139.784484,131.100698
2022-10-23,144.167779,107.067475,192.625330,109.703217,115.435753,112.905029,123.478948,150.531139,141.023903,133.806107
2022-10-24,146.510517,105.410321,190.915906,108.798920,115.273755,112.542366,124.285878,155.433122,141.337705,131.162664
2022-10-25,147.072214,103.169069,189.795546,108.104911,113.848853,112.957004,125.995235,155.144565,138.884774,131.697543
2022-10-26,149.424001,105.958999,186.040645,107.227775,116.285965,113.406617,126.292463,155.467225,140.129490,132.879299
2022-10-27,149.484800,105.198889,183.745505,108.833780,116.426633,113.360697,126.592346,155.960047,138.798713,131.894163
2022-10-28,149.312365,105.019174,178.754667,107.934315,115.863504,115.277960,127.592502,155.206196,136.987173,135.209319
2022-10-29,154.611966,106.601179,178.143530,107.003331,119.594475,115.988984,129.878630,155.448945,133.841511,138.337384
2022-10-30,154.146102,110.134194,174.056087,106.017381,120.703419,119.202504,131.275130,160.472041,130.603251,135.799347
2022-10-31,157.461066,108.410416,173.160653,105.599100,118.476773,116.717752,129.343384,157.459654,129.208049,136.409956
2022-11-01,153.877910,107.138989,175.053265,104.720095,119.026109,118.143298,128.323992,153.571576,129.127493,138.570541
2022-11-02,153.747178,109.631913,176.964960,103.130255,118.699094,115.970991,130.755115,155.152225,130.580283,137.551686
2022-11-03,153.728233,109.081666,179.397474,103.989243,115.528034,116.541553,128.645228,152.893899,128.332326,137.837677
2022-11-04,150.874914,108.655592,178.316424,106.110425,115.176846,113.693772,129.139705,152.120869,129.092899,135.689830
2022-11-05,153.852713,110.487406,178.978593,104.689066,113.326900,114.481836,127.733708,151.995426,127.621796,137.608733
2022-11-06,153.288271,112.934398,184.423635,102.488148,109.454860,115.147844,126.299905,149.226881,127.987394,141.217900
2022-11-07,157.100133,112.466808,182.949943,101.321876,106.819238,113.915227,125.139606,153.001527,127.322190,137.404904
2022-11-08,156.898600,111.567193,187.387476,101.332837,105.678990,115.172580,122.569621,152.208351,128.870023,137.322950
2022-11-09,158.718605,110.148272,188.619975,100.195954,106.998424,115.118989,122.284202,149.020306,131.975852,135.440344
2022-11-10,159.576032,110.300822,186.595866,98.467172,108.362570,113.914806,126.154315,150.363645,133.186278,132.900956
2022-11-11,157.788705,109.947530,188.784391,98.757538,107.409897,110.355572,126.417476,150.157710,133.396999,134.778612
2022-11-12,161.309895,112.139993,186.896038,98.982281,107.482649,109.907047,126.413061,148.309846,134.056195,135.296299
2022-11-13,162.131840,111.303394,184.664578,99.511784,108.104742,108.873426,123.836722,148.352875,133.404328,134.031441
2022-11-14,158.067346,112.755096,182.361154,100.336723,109.913956,108.548224,121.787301,150.864354,132.640573,135.301346
2022-11-15,159.277577,111.473597,184.405238,101.936660,109.730065,110.200537,121.395956,148.959888,132.327230,138.903943
2022-11-16,161.569670,112.427985,183.133652,103.758415,111.604882,109.001026,122.610802,151.812033,131.802050,142.025680
2022-11-17,159.587358,111.209530,180.426004,106.534819,112.063317,107.144895,121.843371,148.627748,133.329100,142.750725
2022-11-18,155.374083,111.760950,184.388950,106.360507,112.366377,107.298203,120.236641,144.734870,134.330792,142.024552
2022-11-19,155.062455,114.036937,187.365174,106.954127,115.845480,108.955144,121.618100,146.727432,133.963136,144.382927
2022-11-20,159.299843,116.522605,181.950673,103.681744,115.739656,110.253272,120.644188,149.031349,131.832394,142.165629
2022-11-21,165.932157,118.150388,182.303580,100.859803,115.928619,111.373284,121.487013,147.347344,134.085540,145.768925
2022-11-22,166.840421,118.510732,181.775205,101.573319,114.599115,112.404608,121.479013,150.322472,134.632741,146.088519
2022-11-23,163.389390,117.447604,180.007066,100.518716,112.564571,114.905578,121.291889,147.881236,135.180383,144.801763
2022-11-24,163.048026,117.506343,181.249346,97.953331,110.445670,115.896218,121.320657,149.494310,132.872529,148.600595
2022-11-25,165.073868,117.739518,181.283098,99.866561,108.361343,118.943585,124.030725,152.371983,133.630593,147.344108
2022-11-26,166.135145,119.363668,182.063459,98.591645,108.618368,121.696647,124.117451,154.026972,134.811859,151.912272
2022-11-27,170.052070,121.307812,185.102260,97.610069,108.107193,121.410408,127.537429,149.755761,135.022966,150.421108
2022-11-28,166.020728,118.912862,183.809917,96.593398,108.667674,122.776247,126.176856,148.676398,134.641615,152.533445
2022-11-29,165.143918,117.781523,181.205112,96.799296,104.929555,123.861221,123.102176,150.948427,136.654670,151.893507
2022-11-30,166.433852,115.790522,180.738122,96.539304,106.604185,125.116545,123.857185,149.732689,135.725940,150.875402
2022-12-01,164.752544,118.371160,183.548932,97.793551,107.610394,124.131444,121.808959,148.086462,135.246988,151.736327
2022-12-02,165.660611,116.587649,186.676736,98.005454,107.503363,122.393070,122.469538,149.421704,136.885177,155.185726
2022-12-03,165.667863,116.101236,188.290292,96.095149,108.521938,125.047673,123.870236,147.381309,135.468984,155.181592
2022-12-04,163.161043,113.987916,185.977651,95.131961,106.796901,127.138788,120.869004,145.593926,134.181107,155.805792
2022-12-05,164.308774,115.799972,191.452922,94.522070,108.216453,128.806396,118.391765,144.115842,132.401480,163.122767
2022-12-06,162.256865,115.475953,188.610141,95.037372,106.221444,128.598286,117.744728,144.005499,135.293141,164.487306
2022-12-07,162.600791,116.830517,188.281411,95.415226,106.315134,128.333608,117.247486,140.191628,138.654310,167.047245
2022-12-08,164.107114,118.753202,186.652338,95.710955,106.108008,125.804277,117.954784,139.751239,138.409259,169.099919
2022-12-09,160.882363,116.591362,186.795448,95.932954,106.589486,125.247615,116.377540,139.247994,138.275173,170.746259
2022-12-10,164.548196,112.543189,184.651325,97.094853,107.760375,122.346455,115.816206,139.614351,136.213434,171.555234
2022-12-11,169.411351,111.828030,187.821114,95.589776,107.487947,122.027174,117.439010,139.502731,135.999554,173.025222
2022-12-12,167.155193,111.218433,185.919604,95.469872,109.488651,120.972950,115.890278,140.413364,136.670108,176.530022
2022-12-13,168.989125,110.495373,180.420587,98.119656,109.890294,121.946204,116.680489,140.211776,135.510141,173.531753
2022-12-14,168.940564,112.594013,179.253825,96.993796,111.299746,121.402423,118.089848,140.815236,139.133993,172.385370
2022-12-15,165.994053,112.928335,181.106743,96.422696,109.598609,119.211364,116.822290,145.869329,139.951595,166.967385
2022-12-16,161.338798,114.535301,182.443157,97.189640,109.109666,118.993843,117.310697,143.904334,140.134279,166.437443
2022-12-17,159.515228,115.777432,176.322086,98.254045,109.957044,118.415995,118.122246,146.008318,141.567964,164.198660
2022-12-18,152.185905,114.203394,174.111061,99.237275,112.045717,118.175889,115.938537,147.911364,143.307749,168.166801
2022-12-19,150.101110,113.250772,173.940780,95.255356,112.727190,117.107988,116.389517,147.577590,144.337670,168.428888
2022-12-20,153.436032,115.599798,176.895734,95.697189,111.627864,117.005789,114.486940,148.720439,145.811249,170.077340
2022-12-21,154.884821,119.487495,181.950784,97.657279,114.104891,120.064473,113.098585,146.895332,145.651119,165.810156
2022-12-22,155.413352,120.970972,176.726000,100.023273,112.556761,123.601722,113.704056,147.951780,146.790802,165.377546
2022-12-23,158.560852,123.425191,177.387475,99.921459,111.140920,120.042150,112.076100,144.920279,143.973598,163.850134
2022-12-24,156.947707,124.448316,173.644747,100.833842,110.779650,122.159874,111.785599,146.741770,142.880545,166.631164
2022-12-25,159.915742,121.910171,171.664650,98.870604,111.245853,122.892929,114.596469,147.713058,143.698424,166.872146
2022-12-26,156.370267,123.845109,166.734588,96.617366,109.650863,121.653554,113.498978,148.679092,142.107119,170.430836
2022-12-27,157.043444,123.902034,169.313558,95.483057,107.734048,121.176981,112.062081,149.447319,146.387762,164.527159
2022-12-28,155.497173,123.960552,172.010053,96.191593,109.283731,120.410900,112.274452,149.933778,146.754347,164.193751
2022-12-29,152.717269,126.506048,177.015090,94.020058,109.956069,118.215621,112.280302,153.378825,146.099151,161.825092
2022-12-30,150.907229,125.400927,175.645276,95.313723,109.725945,119.873707,114.784379,152.441716,144.869294,160.678603
2022-12-31,154.919500,125.307052,173.092011,94.079323,110.346519,122.441350,115.263437,150.996445,146.738320,160.175794
2023-01-01,154.217230,123.941431,179.811414,95.230463,113.282528,125.703815,113.553407,147.200823,143.513478,160.208993
2023-01-02,154.362516,122.915274,177.644050,95.342261,110.897835,126.510430,114.114160,148.585819,141.703494,158.725723
2023-01-03,152.837040,121.629764,177.491239,96.252724,112.063853,125.760860,111.718537,149.447017,142.946318,160.219311
2023-01-04,149.549864,122.933910,177.219096,96.775845,111.680003,126.535369,112.603027,150.859864,145.436387,162.263558
2023-01-05,151.395377,123.848183,172.196890,96.312408,113.265544,127.276987,112.791899,150.360112,146.139332,162.925386
2023-01-06,152.587050,121.272810,165.827781,94.384766,113.360611,127.383343,112.435040,149.939247,145.070137,166.984175
2023-01-07,154.462703,121.718910,164.739174,93.652459,113.321348,129.047739,110.709833,151.331270,143.114900,168.837854
2023-01-08,160.893582,123.623614,165.430072,94.187725,110.966199,128.142351,113.039131,151.777536,143.104072,173.499171
2023-01-09,158.008605,121.490180,163.139235,93.548294,111.150735,121.117420,115.957629,151.499629,142.114420,176.109825
2023-01-10,158.160581,120.029478,162.453300,93.093631,111.842212,118.692512,116.031860,150.843956,145.500168,174.443860
2023-01-11,154.293466,119.310118,161.490693,92.296461,113.898319,120.115524,112.676857,148.942131,141.802403,173.824843
2023-01-12,157.590236,118.085861,155.659787,94.061556,115.084229,119.465065,108.447145,153.912916,140.879824,177.569857
2023-01-13,158.578334,117.529240,157.140548,94.445961,114.802367,117.898622,106.414698,153.921034,143.153382,178.712936
2023-01-14,156.831886,119.297718,154.895243,95.311082,117.452877,119.721170,105.970264,152.662748,142.138738,176.500215
2023-01-15,155.963144,118.984490,157.350002,96.484582,118.308548,119.775279,108.893479,153.342148,144.070560,175.655721
2023-01-16,157.370384,120.601699,158.384911,97.135467,117.797027,118.019154,109.544834,152.569440,147.616712,175.707096
2023-01-17,156.309479,120.762614,161.618207,97.123210,115.243431,119.188072,108.068954,148.849309,144.951021,178.422979
2023-01-18,155.673583,121.709209,160.477760,96.651966,114.714609,121.040855,109.112182,152.708119,148.027484,175.496708
2023-01-19,157.224433,120.890765,157.460514,98.061605,114.717257,121.177638,107.933983,151.393931,145.294060,175.085034
2023-01-20,158.969931,126.561994,156.034525,94.393307,118.694464,117.436519,106.771443,153.338551,147.195078,174.864732
2023-01-21,156.667340,125.864500,156.256370,95.439377,118.423696,115.859650,106.607993,152.820752,146.478738,173.636916
2023-01-22,153.701630,126.058081,154.295271,93.697637,120.733922,116.436089,107.535614,151.822108,144.668968,171.718988
2023-01-23,157.119104,129.266363,153.454863,93.388461,122.148960,118.102255,105.624130,152.926396,142.819310,171.064396
2023-01-24,156.689940,129.336779,151.761418,95.337409,122.108658,117.534280,106.430921,150.316898,139.695770,170.252694
2023-01-25,156.503457,129.635806,151.032448,93.510442,120.554541,118.087200,104.967319,147.794707,139.451674,169.346487
2023-01-26,155.467048,131.657870,153.319773,92.324249,122.351725,117.583989,104.408825,147.098654,141.625702,165.358800
2023-01-27,155.863800,134.149221,153.335881,90.880546,118.241029,119.191879,104.311029,144.772665,141.007590,163.952586
2023-01-28,156.107703,134.436744,154.596866,91.917399,120.996929,119.713891,106.303132,147.813523,141.014519,161.833442
2023-01-29,156.365615,133.293559,156.787822,94.956344,119.174906,119.789606,108.481599,145.448740,137.661288,163.498581
2023-01-30,152.385451,133.258295,155.705126,94.722249,119.245652,118.327621,107.160184,147.886669,139.162736,161.610991
2023-01-31,151.156977,132.182354,153.169224,97.101846,117.167266,118.551358,107.551361,144.929001,136.624756,161.123124
2023-02-01,147.856665,133.783636,150.278732,97.808276,118.793848,117.784499,106.790209,141.610346,141.007191,159.484807
2023-02-02,149.561030,136.350273,148.312222,97.896233,119.098769,117.021929,106.345921,140.265771,138.165986,163.975487
2023-02-03,149.249718,136.467310,147.494054,98.398554,118.035608,114.921994,103.745620,137.284312,134.838721,167.329626
2023-02-04,150.615132,137.856617,146.325587,99.108860,118.821985,113.711790,101.718271,140.092207,137.265006,165.014182
2023-02-05,152.248972,137.917023,149.146527,99.591976,119.329012,115.367317,101.202004,140.039288,138.345308,164.843111
2023-02-06,152.579603,135.818407,147.683537,100.391936,120.387125,115.249606,99.378202,140.604242,136.166338,163.245866
2023-02-07,155.425277,132.858980,145.073598,96.232868,122.347521,115.675651,99.164708,137.770191,139.273280,163.154220
2023-02-08,152.714477,133.107701,147.358010,98.001872,121.595970,115.990764,99.436838,136.129916,141.165580,163.777213
2023-02-09,148.616868,132.730318,148.612335,100.107995,121.043057,113.925221,96.305401,134.834909,141.878667,160.808804
2023-02-10,147.032690,131.649068,151.926295,99.287642,120.017989,114.843219,98.466931,135.655361,145.815485,157.281349
2023-02-11,146.420971,129.649246,147.107358,100.371154,122.184157,112.198363,101.588252,132.330899,147.078094,152.987778
2023-02-12,144.184742,130.743006,149.427830,102.077417,120.271065,111.056039,102.049718,132.031559,145.734380,155.179852
2023-02-13,145.313371,129.811319,152.233948,99.706757,120.952161,110.825591,101.162752,133.599587,145.041776,154.626694
2023-02-14,147.034168,133.436922,154.581791,99.241594,121.287955,113.684435,102.583398,137.862842,142.431013,154.342209
2023-02-15,150.381252,135.350076,150.843806,98.302071,118.807337,113.002864,102.316032,136.698393,144.710977,152.727048
2023-02-16,152.641324,136.267045,148.248857,97.920136,121.598443,114.139840,100.352831,136.561400,141.179780,152.012498
2023-02-17,147.746406,138.130308,148.524332,98.617002,122.001055,114.166536,98.832266,138.776976,137.344431,149.752473
2023-02-18,148.125237,137.081530,148.800029,97.587887,123.252920,116.342487,99.682224,140.533365,140.789185,149.829342
2023-02-19,146.414061,137.998929,150.412583,96.795261,120.682150,115.112401,96.408759,140.920473,142.338608,151.941336
2023-02-20,148.164250,138.945290,148.805013,95.543576,120.053428,115.651376,94.870198,141.709753,142.840947,151.792649
2023-02-21,148.910068,137.613734,151.005736,94.253393,121.136533,114.907269,92.197302,139.420892,145.096138,151.524231
2023-02-22,148.530109,136.146558,151.224413,93.814097,119.800491,112.513463,91.956598,138.534495,147.526521,151.957576
2023-02-23,148.323491,137.348732,148.635612,93.424832,117.989288,112.515072,90.277160,137.267442,147.476649,153.624596
2023-02-24,147.994605,136.225908,145.599698,94.258563,117.215404,111.742172,87.443396,132.573150,149.548705,149.878787
2023-02-25,147.396397,136.446811,142.728797,95.400884,116.998913,111.835076,88.307281,132.997217,150.545747,146.614474
2023-02-26,144.722582,138.453809,140.379176,92.870117,116.790161,112.373160,87.665815,132.621108,149.126276,143.853265
2023-02-27,144.303771,137.799918,140.856022,97.274774,113.272434,115.021719,83.433208,131.939794,149.139457,143.269453
2023-02-28,138.970205,137.593142,141.022558,98.092006,112.063596,114.229686,83.830274,129.122383,146.269474,147.238514
2023-03-01,136.928269,138.461694,140.451046,99.340072,109.590604,113.715449,83.899569,130.447859,148.400430,145.827864
2023-03-02,137.150863,138.815419,140.402078,98.867733,110.876761,111.972148,82.767653,130.732098,149.456627,141.721302
2023-03-03,139.564795,138.740433,140.839255,98.590930,111.500666,110.837644,82.863772,129.255456,146.155019,141.960641
2023-03-04,143.969147,138.637280,139.480248,99.326783,112.069964,111.784070,80.546834,128.926338,148.032783,145.877850
2023-03-05,141.587143,137.016058,138.123541,99.990525,110.963837,113.775536,79.384975,132.134787,145.868624,142.042238
2023-03-06,142.337574,136.045167,138.945413,98.500491,112.163496,114.418851,78.763178,129.466730,149.155929,141.933184
2023-03-07,139.843755,135.880516,136.001326,96.885077,110.920031,112.150831,77.077236,127.982426,148.438297,141.160351
2023-03-08,141.146881,135.871376,136.981842,93.670316,108.451100,113.979578,77.144213,129.133439,149.166645,137.382648
2023-03-09,138.484974,135.720105,138.447626,93.304475,108.653342,114.332444,76.715428,128.950662,149.019910,134.189849
2023-03-10,142.680204,135.573474,138.237317,91.903514,111.398595,115.017448,75.212574,126.260197,150.700292,131.645428
2023-03-11,144.054256,136.177845,139.103222,91.395318,112.236737,113.468099,75.043150,129.964244,153.824254,134.297507
2023-03-12,140.141893,136.779564,139.899618,90.363588,116.394269,114.416601,74.964446,131.650379,152.963418,133.608390
2023-03-13,141.826301,134.906666,138.823373,91.444315,114.127929,114.768827,75.078578,132.731742,155.320683,136.723846
2023-03-14,144.988006,135.681181,140.413555,90.254598,115.049170,115.236579,77.211278,130.241917,156.273997,132.943867
2023-03-15,143.867768,131.044798,135.897064,91.402160,114.519557,112.149602,76.849943,132.058098,154.739495,132.773358
2023-03-16,144.872850,131.554651,137.861905,94.058580,112.424444,109.410893,75.049752,131.244705,153.395785,133.011798
2023-03-17,145.445269,131.255812,138.026729,95.115627,111.727524,107.057335,74.649544,134.491801,148.601426,131.571365
2023-03-18,147.651993,128.616339,137.058322,95.389571,110.046080,107.478397,75.371722,131.341742,147.214023,129.152716
2023-03-19,152.153439,128.837435,137.226381,95.256122,110.549581,105.281604,76.425667,132.468978,145.734776,127.478598
2023-03-20,154.912663,128.508840,138.144181,96.400297,113.189037,101.632335,77.522474,133.644301,143.251090,128.778296
2023-03-21,152.201619,128.987510,138.303147,95.982812,113.768085,99.745686,76.096698,135.073520,143.979466,131.248716
2023-03-22,150.520343,127.456680,137.462779,94.748781,112.292238,102.426886,76.082181,131.659041,146.407863,129.614439
2023-03-23,150.674645,129.418191,138.907139,96.238442,111.515548,103.005654,75.666605,131.754331,146.092246,131.800096
2023-03-24,151.607562,131.199168,140.714069,95.612410,112.477559,103.603287,77.065625,132.952712,147.235758,133.278335
2023-03-25,151.355901,132.333863,139.421824,92.327327,109.925342,102.484368,77.361172,134.270122,151.588138,130.313540
2023-03-26,149.586952,128.938111,136.564945,91.549997,111.614695,100.958002,77.906998,135.400618,152.140474,127.913863
2023-03-27,147.857666,131.744963,133.534639,91.135758,111.071053,102.177779,77.615528,130.816542,149.064615,128.243208
2023-03-28,149.983884,124.594077,131.849107,90.041714,111.625176,102.040903,77.355960,127.782893,148.692387,128.912386
2023-03-29,149.999435,121.386075,133.945670,91.325344,112.651162,100.266593,77.357160,125.893706,147.841882,127.040595
2023-03-30,151.863737,123.752098,132.191292,91.510096,111.728813,103.585656,77.649339,126.378755,146.960622,124.614102
2023-03-31,152.027526,122.786890,132.127998,89.506346,109.637279,101.887537,75.122095,123.274861,146.929187,125.171503
2023-04-01,149.638633,120.779821,134.326015,89.383178,107.406943,101.556402,75.592812,124.773801,144.520245,127.922281
2023-04-02,148.078930,119.683448,131.865265,89.082143,108.390206,102.424080,74.643978,119.502203,147.162104,127.064311
2023-04-03,148.786917,121.819490,132.987414,88.742920,106.862992,102.883344,76.540810,117.013583,147.290257,123.224171
2023-04-04,147.126787,121.001349,131.825168,88.548919,105.664123,100.829305,77.503324,116.814822,148.244720,121.874028
2023-04-05,147.918049,121.123321,133.051472,87.489902,109.191895,101.965834,78.966930,116.950245,150.871582,123.704960
2023-04-06,148.143991,122.659475,133.206415,87.015332,110.962627,102.754342,80.704577,118.102805,149.393032,121.857308
2023-04-07,145.341932,119.937732,134.459447,85.994290,114.507187,101.346314,79.385091,118.887187,151.899203,124.549667
2023-04-08,142.125402,121.353449,133.239364,86.799188,110.756694,102.753654,79.157740,119.011971,152.435710,123.134699
2023-04-09,145.042136,121.670475,134.185316,85.884389,112.269312,100.898604,78.951094,118.025029,153.918359,119.977883
2023-04-10,146.810548,120.553097,132.403161,84.294600,113.398584,101.783600,77.085156,116.954515,153.004846,119.652451
2023-04-11,147.392719,121.506139,133.489794,84.455055,113.289604,100.283856,75.722339,118.431869,154.898437,121.265964
2023-04-12,150.092893,118.981234,133.959559,83.726551,113.741178,100.121841,77.181169,114.494382,155.061375,119.657540
2023-04-13,151.220191,120.423851,133.288522,83.174081,114.940700,100.465084,76.894055,112.866722,151.562951,120.807540
2023-04-14,155.429282,119.308453,135.696316,82.746567,114.735066,97.858560,78.988117,113.828740,151.605908,124.318288
2023-04-15,157.454374,119.793565,137.862149,81.433060,113.833559,96.278970,76.291788,115.172358,154.623370,124.765915
2023-04-16,158.153809,121.143630,137.056931,81.800564,113.846738,94.077472,77.321849,113.294480,151.446771,125.090990
2023-04-17,156.563201,119.845452,136.550148,80.101133,113.313449,96.450729,76.675078,112.246938,148.561023,126.762728
2023-04-18,157.416368,120.890921,137.918281,79.657282,114.759459,95.054263,79.357709,109.157692,145.446872,124.172561
2023-04-19,154.953253,119.305871,134.854470,77.301236,114.815294,93.910694,78.713707,109.089530,147.234735,124.816037
2023-04-20,158.605759,115.338342,134.849404,74.953526,112.972579,93.017250,80.603104,107.975243,143.508290,126.214382
2023-04-21,161.010977,115.186094,134.978241,76.156383,110.112885,93.890714,83.005252,108.067431,143.399704,125.750884
2023-04-22,160.744797,116.456098,134.485871,77.652253,108.798611,96.350609,82.015187,109.142007,143.334093,125.052265
2023-04-23,161.244813,118.134449,135.527049,76.183287,106.384783,94.824415,81.427831,111.848310,144.072290,123.314707
2023-04-24,161.555583,119.508664,135.625670,74.513362,106.106619,97.780300,79.373825,111.000390,143.097252,124.112848
2023-04-25,163.649027,118.734265,133.214937,74.043693,108.636073,96.805143,79.636104,114.665822,142.401966,121.488724
2023-04-26,161.680315,117.278752,136.387261,74.175908,109.217786,98.898512,79.616745,113.782047,138.887125,119.204477
2023-04-27,162.719618,117.549924,134.843763,72.838234,108.578307,98.785114,80.146348,110.710698,136.265711,117.969833
2023-04-28,164.990773,116.450003,129.751281,74.406491,108.751940,98.337423,79.350573,114.191073,135.933581,118.736191
2023-04-29,169.302423,118.666113,125.943403,74.712607,108.824382,98.075634,80.042542,114.936635,137.876142,117.329077
2023-04-30,173.413484,120.756742,127.527440,75.344498,108.302222,96.186899,80.190296,115.212362,139.286983,115.476298
2023-05-01,169.868259,121.983544,127.868563,75.063192,106.940423,96.515205,79.992806,117.370558,140.619886,115.553711
2023-05-02,169.083543,120.093340,128.684106,76.404794,108.381405,99.935664,78.801001,121.984032,144.828977,116.467292
2023-05-03,171.398511,118.579237,128.872021,76.016451,111.670156,101.664549,77.222141,121.745937,145.545221,117.566152
2023-05-04,173.935360,120.092834,129.830046,75.654505,110.126206,100.881978,77.824403,119.020448,145.711310,117.315143
2023-05-05,170.155762,119.073402,129.447718,75.813588,107.802523,102.105736,76.725866,118.776026,142.694345,118.729087
2023-05-06,169.551025,122.133218,128.491085,78.268064,108.505626,100.316070,76.859896,120.895650,144.377686,117.908636
2023-05-07,172.474862,120.667996,129.003064,79.836460,108.214180,101.616533,76.497849,117.171064,147.992373,115.479249
2023-05-08,172.937344,117.609938,126.320956,80.666270,108.990219,102.928922,77.081617,119.911557,149.435922,113.749273
2023-05-09,172.281574,115.116275,126.616128,80.330522,112.941885,103.393929,73.791873,119.552567,151.278478,113.331310
2023-05-10,172.123842,114.810093,125.701041,79.924604,113.444435,102.960646,73.452028,121.628303,151.375432,114.273558
2023-05-11,171.816015,116.706024,123.602281,81.109621,112.360083,104.194828,72.079739,122.228907,149.169213,114.297807
2023-05-12,171.806052,118.331114,124.652141,82.670714,110.957141,103.780332,71.398007,123.271301,146.559225,114.765744
2023-05-13,168.929961,120.472363,125.727181,81.077925,112.442293,102.732618,70.149682,120.496652,144.253368,114.601842
2023-05-14,166.351071,121.975537,127.276646,82.193463,112.874558,105.808119,71.667301,119.992811,146.583675,116.747918
2023-05-15,163.361313,122.327906,128.764789,83.899988,113.592470,106.425044,71.695610,120.628717,149.440207,116.116059
2023-05-16,169.197146,119.716347,126.616289,82.113193,112.059128,106.718002,71.967763,120.598639,149.978280,118.103675
2023-05-17,167.815436,117.184779,129.320281,83.962911,113.337677,110.616140,72.166747,118.020787,148.067057,119.252934
2023-05-18,167.863859,116.918423,129.229649,85.279278,113.929002,111.399289,71.007309,118.205613,148.613698,116.530429
2023-05-19,168.440110,116.193590,129.038832,86.628785,113.524702,109.226931,71.477013,119.412183,147.727325,117.407333
2023-05-20,166.961341,114.191326,128.889878,87.458093,112.527407,111.365670,73.660702,118.556399,146.977687,118.089633
2023-05-21,170.663576,113.465786,129.711202,87.370135,110.197781,113.582196,74.057686,119.599466,144.934397,118.524810
